Model,Accuracy,Precision,Recall,F1-Score,ROC-AUC
VADER,0.65304,0.658367482097769,0.63622,0.6471042942289306,0.7358977888
TextBlob,0.62497,0.6389574576911957,0.57464,0.6050944012130529,0.6866524303999999
