Brand,Total_Mentions,Avg_Sentiment,Positive_Count,Negative_Count,Positive_Percentage
Apple,475,0.08827578947368421,220,255,46.32
Coffee,900,0.1992698888888889,564,336,62.67
Google,329,0.13236413373860184,193,136,58.66
Iphone,1022,0.07884001956947162,300,722,29.35
Starbucks,199,0.17222211055276382,118,81,59.3
Weather,1326,0.17663831070889893,510,816,38.46
