DayOfWeek,DayName,Total_Tweets,Avg_Sentiment,Std_Sentiment,Positive_Count,Negative_Count,Positive_Percentage
0,Monday,38546,0.16360884138432005,0.4582791493154416,22033,16513,57.16
1,Tuesday,23006,0.11945186038424759,0.4636295285366981,10394,12612,45.18
2,Wednesday,12155,0.05633134512546277,0.45405050511057954,3556,8599,29.26
3,Thursday,13164,0.04202636736554239,0.4603097901649118,3176,9988,24.13
4,Friday,28374,0.14751968703742865,0.4608098074557505,14078,14296,49.62
5,Saturday,41645,0.15166965061832155,0.46107471448843196,21666,19979,52.03
6,Sunday,43110,0.1831462653676641,0.45665633883870166,25097,18013,58.22
