Year,Month,Month_Name,Total_Tweets,Avg_Sentiment,Std_Sentiment,Positive_Count,Negative_Count,Positive_Percentage
2009,4,April,12385,0.17668249495357288,0.4544346871400142,7222,5163,58.31
2009,5,May,72132,0.1894954430765818,0.45588147473971175,44033,28099,61.05
2009,6,June,115483,0.11112511971459003,0.4624304295577294,48745,66738,42.21
