Time_Period,Total_Tweets,Avg_Sentiment,Std_Sentiment,Positive_Count,Negative_Count,Positive_Percentage
Afternoon,38733,0.12251559135620788,0.46304325616991104,17365,21368,44.83
Evening,50070,0.1380621469942081,0.4663698401108597,24462,25608,48.86
Morning,53795,0.1444210242587601,0.4588058272290515,26007,27788,48.34
Night,57402,0.16136481481481482,0.4567533943839274,32166,25236,56.04
