Brand,Total Tweets,Positive,Neutral,Negative,Avg Sentiment,VADER Score,TextBlob Score
Apple,3630,1753,868,1009,0.10541427474498509,0.12088947658402202,0.08993907290594812
Google,2618,1328,672,618,0.12461259448515322,0.13995798319327732,0.10926720577702909
Microsoft,523,260,104,159,0.08515828165730771,0.1002491395793499,0.07006742373526552
Amazon,579,421,52,106,0.20496070307846537,0.2815286701208981,0.12839273603603268
